<configuration debug="true">
    <appender name="stdout" class="ch.qos.logback.core.ConsoleAppender">
        <!-- encoders are assigned the type ch.qos.logback.classic.encoder.PatternLayoutEncoder by default -->
        <target>System.out</target>
        <encoder>
            <Pattern>%p [%d{ISO8601}] %c{0} - %m%n%nopex</Pattern>
        </encoder>
    </appender>

    <appender name="shortOut" class="ch.qos.logback.core.rolling.RollingFileAppender">
        <file>logs/webapp.log</file>
        <rollingPolicy class="ch.qos.logback.core.rolling.TimeBasedRollingPolicy">
            <!-- rollover frequency set to daily -->
            <fileNamePattern>logs/webapp_backup-logs/%d{yyyy-MM-dd,aux}/webapp-%d{yyyy-MM-dd}.%i.log
            </fileNamePattern>
            <timeBasedFileNamingAndTriggeringPolicy class="ch.qos.logback.core.rolling.SizeAndTimeBasedFNATP">
                <!-- or whenever the file size reaches 10MB -->
                <maxFileSize>10MB</maxFileSize>
            </timeBasedFileNamingAndTriggeringPolicy>
            <!-- max history (currently in days since it's aligned to the rollover frequency) -->
            <maxHistory>14</maxHistory>
        </rollingPolicy>
        <encoder>
            <pattern>%p [%d{ISO8601}] %c{0} - %m%n%nopex</pattern>
        </encoder>
    </appender>

    <appender name="fullOut" class="ch.qos.logback.core.rolling.RollingFileAppender">
        <file>logs/webapp-full.log</file>
        <rollingPolicy class="ch.qos.logback.core.rolling.TimeBasedRollingPolicy">
            <!-- rollover frequency set to daily -->
            <fileNamePattern>logs/webapp_backup-logs/%d{yyyy-MM-dd,aux}/webapp-full-%d{yyyy-MM-dd}.%i.log
            </fileNamePattern>
            <timeBasedFileNamingAndTriggeringPolicy class="ch.qos.logback.core.rolling.SizeAndTimeBasedFNATP">
                <!-- or whenever the file size reaches 10MB -->
                <maxFileSize>10MB</maxFileSize>
            </timeBasedFileNamingAndTriggeringPolicy>
            <!-- max history (currently in days since it's aligned to the rollover frequency) -->
            <maxHistory>14</maxHistory>
        </rollingPolicy>
        <encoder>
            <pattern>%p [%d{ISO8601}] \(%F:%L\) %c - %m%n%rEx{full}</pattern>
        </encoder>
    </appender>

    <logger name="com.opentext" value="INFO" />
    <logger name="org.apache.commons.httpclient" value="ERROR" />
    <logger name="org.apache" value="WARN" />
    <logger name="org.freemarker" value="ERROR" />
    <logger name="org.springframework" value="WARN" />

    <root level="info">
        <!-- Uncomment the following to enable console output <appender-ref ref="stdout" /> -->
        <appender-ref ref="shortOut" />
        <appender-ref ref="fullOut" />
    </root>
</configuration>